sample_variant,event_date_type,expected_direction,n_events,DGS10_d1,DGS10_d3,DGS2_d1,DGS2_d3,DGS30_d1,DGS30_d3,SP500_d1,SP500_d3,THREEFYTP10_d1,THREEFYTP10_d3,VIXCLS_d1,VIXCLS_d3,slope_10y_2y_d1,slope_10y_2y_d3,slope_30y_2y_d1,slope_30y_2y_d3
all_events,official_release_date,easing_coupon_restraint,1,-0.1100000000000003,-0.2099999999999999,-0.1200000000000001,-0.0899999999999998,-0.08,-0.2199999999999997,44.05999999999949,123.97999999999956,-0.0504,-0.0869999999999999,-1.2699999999999996,-2.4800000000000004,0.0099999999999997,-0.1200000000000001,0.04,-0.1299999999999999
all_events,official_release_date,easing_hold_duration_constant,1,-0.0600000000000005,-0.1100000000000003,-0.08,-0.1699999999999999,-0.0499999999999998,-0.0700000000000002,-17.299999999999272,28.51000000000022,-0.0257999999999999,-0.0534999999999999,-0.2599999999999998,-0.9700000000000006,0.0199999999999995,0.0599999999999996,0.0300000000000002,0.0999999999999996
all_events,official_release_date,mixed_modest_tightening,1,-0.0699999999999994,-0.1899999999999995,-0.0900000000000007,-0.1600000000000001,-0.0600000000000005,-0.1800000000000006,-79.32000000000062,-18.780000000000655,-0.0392,-0.0974,1.0399999999999991,0.5700000000000003,0.0200000000000013,-0.0299999999999993,0.0300000000000002,-0.0200000000000004
all_events,official_release_date,tightening_duration_supply,1,0.0300000000000002,0.1500000000000003,-0.04,-0.0199999999999995,0.0599999999999996,0.2099999999999999,-63.33999999999923,-74.83999999999924,0.0088999999999999,0.0451999999999999,2.16,1.99,0.0700000000000002,0.1699999999999999,0.0999999999999996,0.2299999999999995
all_events,market_pricing_marker_minus_1d,easing_coupon_restraint,1,0.0,-0.1100000000000003,0.04,-0.08,0.0,-0.08,26.980000000000473,71.03999999999996,0.0048,-0.0455999999999999,-1.6099999999999994,-2.879999999999999,-0.04,-0.0300000000000002,-0.04,0.0
all_events,market_pricing_marker_minus_1d,easing_hold_duration_constant,1,0.0600000000000005,0.0,0.0700000000000002,-0.0099999999999997,0.04,-0.0099999999999997,-80.48000000000047,-97.77999999999976,0.0192999999999999,-0.0065,0.9800000000000004,0.7200000000000006,-0.0099999999999997,0.0099999999999997,-0.0300000000000002,0.0
all_events,market_pricing_marker_minus_1d,mixed_modest_tightening,1,-0.0200000000000004,-0.0899999999999998,0.0700000000000002,-0.0200000000000004,-0.0299999999999993,-0.0899999999999998,-2.9600000000000364,-82.28000000000065,-0.0040999999999999,-0.0433,-0.2899999999999991,0.75,-0.0900000000000007,-0.0699999999999994,-0.0999999999999996,-0.0699999999999994
all_events,market_pricing_marker_minus_1d,tightening_duration_supply,1,0.0799999999999996,0.1099999999999998,0.04,0.0,0.0900000000000007,0.1500000000000003,-12.230000000000471,-75.56999999999971,0.032,0.0408999999999999,0.2999999999999989,2.459999999999999,0.0399999999999995,0.1099999999999998,0.0500000000000007,0.1500000000000003
overlap_excluded,official_release_date,easing_coupon_restraint,1,-0.1100000000000003,-0.2099999999999999,-0.1200000000000001,-0.0899999999999998,-0.08,-0.2199999999999997,44.05999999999949,123.97999999999956,-0.0504,-0.0869999999999999,-1.2699999999999996,-2.4800000000000004,0.0099999999999997,-0.1200000000000001,0.04,-0.1299999999999999
overlap_excluded,official_release_date,easing_hold_duration_constant,1,-0.0600000000000005,-0.1100000000000003,-0.08,-0.1699999999999999,-0.0499999999999998,-0.0700000000000002,-17.299999999999272,28.51000000000022,-0.0257999999999999,-0.0534999999999999,-0.2599999999999998,-0.9700000000000006,0.0199999999999995,0.0599999999999996,0.0300000000000002,0.0999999999999996
overlap_excluded,official_release_date,mixed_modest_tightening,1,-0.0699999999999994,-0.1899999999999995,-0.0900000000000007,-0.1600000000000001,-0.0600000000000005,-0.1800000000000006,-79.32000000000062,-18.780000000000655,-0.0392,-0.0974,1.0399999999999991,0.5700000000000003,0.0200000000000013,-0.0299999999999993,0.0300000000000002,-0.0200000000000004
overlap_excluded,official_release_date,tightening_duration_supply,1,0.0300000000000002,0.1500000000000003,-0.04,-0.0199999999999995,0.0599999999999996,0.2099999999999999,-63.33999999999923,-74.83999999999924,0.0088999999999999,0.0451999999999999,2.16,1.99,0.0700000000000002,0.1699999999999999,0.0999999999999996,0.2299999999999995
overlap_excluded,market_pricing_marker_minus_1d,easing_coupon_restraint,1,0.0,-0.1100000000000003,0.04,-0.08,0.0,-0.08,26.980000000000473,71.03999999999996,0.0048,-0.0455999999999999,-1.6099999999999994,-2.879999999999999,-0.04,-0.0300000000000002,-0.04,0.0
overlap_excluded,market_pricing_marker_minus_1d,easing_hold_duration_constant,1,0.0600000000000005,0.0,0.0700000000000002,-0.0099999999999997,0.04,-0.0099999999999997,-80.48000000000047,-97.77999999999976,0.0192999999999999,-0.0065,0.9800000000000004,0.7200000000000006,-0.0099999999999997,0.0099999999999997,-0.0300000000000002,0.0
overlap_excluded,market_pricing_marker_minus_1d,mixed_modest_tightening,1,-0.0200000000000004,-0.0899999999999998,0.0700000000000002,-0.0200000000000004,-0.0299999999999993,-0.0899999999999998,-2.9600000000000364,-82.28000000000065,-0.0040999999999999,-0.0433,-0.2899999999999991,0.75,-0.0900000000000007,-0.0699999999999994,-0.0999999999999996,-0.0699999999999994
overlap_excluded,market_pricing_marker_minus_1d,tightening_duration_supply,1,0.0799999999999996,0.1099999999999998,0.04,0.0,0.0900000000000007,0.1500000000000003,-12.230000000000471,-75.56999999999971,0.032,0.0408999999999999,0.2999999999999989,2.459999999999999,0.0399999999999995,0.1099999999999998,0.0500000000000007,0.1500000000000003
